Municipality,County,Year, Total Personal Vehicles,# of EVs,% of EVs
Aberdeen Township, Monmouth ,2015,"12,240",7,0.06%
Aberdeen Township, Monmouth ,2020,"14,375",64,0.45%
Absecon City, Atlantic ,2015,"5,679",2,0.03%
Absecon City, Atlantic ,2020,"5,392",20,0.37%
Alexandria Township, Hunterdon ,2015,"3,646",4,0.10%
Alexandria Township, Hunterdon ,2020,"4,097",19,0.46%
Allamuchy Township, Warren ,2015,"3,549",2,0.05%
Allamuchy Township, Warren ,2020,"3,912",17,0.43%
Allendale Borough, Bergen ,2015,"4,418",3,0.07%
Allendale Borough, Bergen ,2020,"4,321",60,1.39%
Allenhurst Borough, Monmouth ,2015,343,0,0.12%
Allenhurst Borough, Monmouth ,2020,327,13,3.98%
Allentown Borough, Monmouth ,2015,"1,344",2,0.11%
Allentown Borough, Monmouth ,2020,"1,361",18,1.32%
Alloway Township, Salem ,2015,"2,475",1,0.02%
Alloway Township, Salem ,2020,"2,766",7,0.25%
Alpha Borough, Warren ,2015,"1,552",1,0.03%
Alpha Borough, Warren ,2020,"1,741",4,0.23%
Alpine Borough, Bergen ,2015,"1,185",11,0.90%
Alpine Borough, Bergen ,2020,"1,095",56,5.11%
Andover Borough, Sussex ,2015,525,2,0.40%
Andover Borough, Sussex ,2020,551,14,2.54%
Andover Township, Sussex ,2015,"3,946",2,0.05%
Andover Township, Sussex ,2020,"4,252",14,0.33%
Asbury Park City, Monmouth ,2015,"6,681",8,0.13%
Asbury Park City, Monmouth ,2020,"8,588",73,0.85%
Atlantic City City, Atlantic ,2015,"11,389",3,0.03%
Atlantic City City, Atlantic ,2020,"13,353",32,0.24%
Atlantic Highlands Borough, Monmouth ,2015,"3,221",1,0.03%
Atlantic Highlands Borough, Monmouth ,2020,"3,110",21,0.68%
Audubon Borough, Camden ,2015,"6,212",1,0.01%
Audubon Borough, Camden ,2020,"5,875",21,0.36%
Audubon Park Borough, Camden ,2015,743,0,0.01%
Audubon Park Borough, Camden ,2020,792,3,0.38%
Avalon Borough, Cape May ,2015,"1,232",1,0.08%
Avalon Borough, Cape May ,2020,"1,311",54,4.12%
Avon-by-the-Sea Borough, Monmouth ,2015,"1,423",1,0.07%
Avon-by-the-Sea Borough, Monmouth ,2020,"1,365",12,0.88%
Barnegat Light Borough, Ocean ,2015,511,0,0.00%
Barnegat Light Borough, Ocean ,2020,415,7,1.69%
Barnegat Township, Ocean ,2015,"14,320",5,0.03%
Barnegat Township, Ocean ,2020,"16,490",46,0.28%
Barrington Borough, Camden ,2015,"4,520",5,0.11%
Barrington Borough, Camden ,2020,"4,958",26,0.52%
Bass River Township, Burlington ,2015,"1,080",0,0.04%
Bass River Township, Burlington ,2020,"1,051",4,0.38%
Bay Head Borough, Ocean ,2015,756,1,0.15%
Bay Head Borough, Ocean ,2020,811,9,1.11%
Bayonne City, Hudson ,2015,"30,262",10,0.03%
Bayonne City, Hudson ,2020,"30,135",89,0.30%
Beach Haven Borough, Ocean ,2015,802,1,0.10%
Beach Haven Borough, Ocean ,2020,797,7,0.88%
Beachwood Borough, Ocean ,2015,"7,365",4,0.05%
Beachwood Borough, Ocean ,2020,"8,002",28,0.35%
Bedminster Township, Somerset ,2015,"6,854",7,0.10%
Bedminster Township, Somerset ,2020,"6,866",65,0.95%
Belleville Township, Essex ,2015,"18,990",4,0.02%
Belleville Township, Essex ,2020,"21,413",52,0.24%
Bellmawr Borough, Camden ,2015,"7,034",1,0.01%
Bellmawr Borough, Camden ,2020,"6,953",22,0.32%
Belmar Borough, Monmouth ,2015,"4,112",4,0.10%
Belmar Borough, Monmouth ,2020,"3,869",41,1.06%
Belvidere town, Warren ,2015,"1,721",0,0.02%
Belvidere town, Warren ,2020,"1,661",4,0.24%
Bergenfield Borough, Bergen ,2015,"15,182",13,0.08%
Bergenfield Borough, Bergen ,2020,"15,318",71,0.46%
Berkeley Heights Township, Union ,2015,"8,724",10,0.12%
Berkeley Heights Township, Union ,2020,"9,120",134,1.47%
Berkeley Township, Ocean ,2015,"29,667",11,0.04%
Berkeley Township, Ocean ,2020,"31,161",98,0.31%
Berlin Borough, Camden ,2015,"4,560",3,0.06%
Berlin Borough, Camden ,2020,"4,957",20,0.40%
Berlin Township, Camden ,2015,"3,128",0,0.00%
Berlin Township, Camden ,2020,"3,773",12,0.32%
Bernards Township, Somerset ,2015,"17,670",29,0.16%
Bernards Township, Somerset ,2020,"18,377",294,1.60%
Bernardsville Borough, Somerset ,2015,"5,405",5,0.10%
Bernardsville Borough, Somerset ,2020,"5,260",84,1.60%
Bethlehem Township, Hunterdon ,2015,"3,091",3,0.09%
Bethlehem Township, Hunterdon ,2020,"3,349",17,0.51%
Beverly City, Burlington ,2015,"1,480",1,0.06%
Beverly City, Burlington ,2020,"1,449",3,0.21%
Blairstown Township, Warren ,2015,"4,311",2,0.04%
Blairstown Township, Warren ,2020,"4,599",19,0.41%
Bloomfield Township, Essex ,2015,"26,640",24,0.09%
Bloomfield Township, Essex ,2020,"28,742",156,0.54%
Bloomingdale Borough, Passaic ,2015,"5,322",5,0.09%
Bloomingdale Borough, Passaic ,2020,"5,248",20,0.38%
Bloomsbury Borough, Hunterdon ,2015,583,1,0.10%
Bloomsbury Borough, Hunterdon ,2020,709,4,0.56%
Bogota Borough, Bergen ,2015,"4,848",1,0.02%
Bogota Borough, Bergen ,2020,"4,792",27,0.56%
Boonton town, Morris ,2015,"5,544",4,0.08%
Boonton town, Morris ,2020,"5,615",52,0.93%
Boonton Township, Morris ,2015,"3,212",2,0.06%
Boonton Township, Morris ,2020,"3,046",23,0.76%
Bordentown City, Burlington ,2015,"2,583",4,0.16%
Bordentown City, Burlington ,2020,"2,779",19,0.68%
Bordentown Township, Burlington ,2015,"7,897",8,0.10%
Bordentown Township, Burlington ,2020,"8,691",36,0.41%
Bound Brook Borough, Somerset ,2015,"5,681",0,0.00%
Bound Brook Borough, Somerset ,2020,"5,656",24,0.42%
Bradley Beach Borough, Monmouth ,2015,"2,960",2,0.07%
Bradley Beach Borough, Monmouth ,2020,"2,751",23,0.84%
Branchburg Township, Somerset ,2015,"10,341",10,0.09%
Branchburg Township, Somerset ,2020,"11,119",63,0.57%
Branchville Borough, Sussex ,2015,526,0,0.08%
Branchville Borough, Sussex ,2020,766,2,0.26%
Brick Township, Ocean ,2015,"53,207",38,0.07%
Brick Township, Ocean ,2020,"55,314",181,0.33%
Bridgeton City, Cumberland ,2015,"8,152",4,0.05%
Bridgeton City, Cumberland ,2020,"7,756",21,0.27%
Bridgewater Township, Somerset ,2015,"29,384",19,0.07%
Bridgewater Township, Somerset ,2020,"30,647",340,1.11%
Brielle Borough, Monmouth ,2015,"3,621",1,0.03%
Brielle Borough, Monmouth ,2020,"3,293",30,0.91%
Brigantine City, Atlantic ,2015,"6,844",4,0.06%
Brigantine City, Atlantic ,2020,"6,590",34,0.52%
Brooklawn Borough, Camden ,2015,"1,131",0,0.04%
Brooklawn Borough, Camden ,2020,"1,226",3,0.24%
Buena Borough, Atlantic ,2015,"2,946",0,0.01%
Buena Borough, Atlantic ,2020,"2,957",5,0.17%
Buena Vista Township, Atlantic ,2015,"5,217",2,0.04%
Buena Vista Township, Atlantic ,2020,"5,471",19,0.35%
Burlington City, Burlington ,2015,"6,132",6,0.10%
Burlington City, Burlington ,2020,"6,107",35,0.57%
Burlington Township, Burlington ,2015,"14,191",10,0.07%
Burlington Township, Burlington ,2020,"15,220",58,0.38%
Butler Borough, Morris ,2015,"4,750",3,0.06%
Butler Borough, Morris ,2020,"5,730",48,0.84%
Byram Township, Sussex ,2015,"6,017",4,0.07%
Byram Township, Sussex ,2020,"6,326",26,0.41%
Caldwell Borough, Essex ,2015,"5,218",3,0.07%
Caldwell Borough, Essex ,2020,"5,256",53,1.01%
Califon Borough, Hunterdon ,2015,834,1,0.16%
Califon Borough, Hunterdon ,2020,923,9,0.98%
Camden City, Camden ,2015,"22,752",1,0.01%
Camden City, Camden ,2020,"25,563",14,0.05%
Cape May City, Cape May ,2015,"1,855",2,0.10%
Cape May City, Cape May ,2020,"1,971",32,1.62%
Cape May Point Borough, Cape May ,2015,185,0,0.00%
Cape May Point Borough, Cape May ,2020,135,7,5.19%
Carlstadt Borough, Bergen ,2015,"3,752",1,0.02%
Carlstadt Borough, Bergen ,2020,"4,047",17,0.42%
Carneys Point Township, Salem ,2015,"4,652",1,0.01%
Carneys Point Township, Salem ,2020,"4,844",10,0.21%
Carteret Borough, Middlesex ,2015,"13,234",3,0.02%
Carteret Borough, Middlesex ,2020,"13,471",29,0.22%
Cedar Grove Township, Essex ,2015,"7,838",8,0.10%
Cedar Grove Township, Essex ,2020,"8,062",70,0.87%
Chatham Borough, Morris ,2015,"5,456",8,0.15%
Chatham Borough, Morris ,2020,"5,439",89,1.64%
Chatham Township, Morris ,2015,"7,021",10,0.14%
Chatham Township, Morris ,2020,"6,737",104,1.54%
Cherry Hill Township, Camden ,2015,"46,741",59,0.13%
Cherry Hill Township, Camden ,2020,"49,528",531,1.07%
Chesilhurst Borough, Camden ,2015,976,0,0.00%
Chesilhurst Borough, Camden ,2020,874,3,0.34%
Chester Borough, Morris ,2015,981,3,0.34%
Chester Borough, Morris ,2020,"1,040",27,2.60%
Chester Township, Morris ,2015,"5,657",8,0.13%
Chester Township, Morris ,2020,"5,986",62,1.04%
Chesterfield Township, Burlington ,2015,"4,181",4,0.10%
Chesterfield Township, Burlington ,2020,"3,766",53,1.41%
Cinnaminson Township, Burlington ,2015,"11,661",11,0.10%
Cinnaminson Township, Burlington ,2020,"11,917",77,0.65%
City of Orange Township, Essex ,2015,"10,257",2,0.02%
City of Orange Township, Essex ,2020,"11,311",23,0.20%
Clark Township, Union ,2015,"10,246",5,0.05%
Clark Township, Union ,2020,"11,316",56,0.49%
Clayton Borough, Gloucester ,2015,"5,293",2,0.03%
Clayton Borough, Gloucester ,2020,"5,853",18,0.31%
Clementon Borough, Camden ,2015,"3,074",1,0.05%
Clementon Borough, Camden ,2020,"3,041",9,0.30%
Cliffside Park Borough, Bergen ,2015,"13,423",5,0.04%
Cliffside Park Borough, Bergen ,2020,"14,008",57,0.41%
Clifton City, Passaic ,2015,"45,145",18,0.04%
Clifton City, Passaic ,2020,"49,029",197,0.40%
Clinton town, Hunterdon ,2015,"1,671",2,0.11%
Clinton town, Hunterdon ,2020,"1,993",26,1.30%
Clinton Township, Hunterdon ,2015,"8,447",5,0.06%
Clinton Township, Hunterdon ,2020,"8,970",76,0.85%
Closter Borough, Bergen ,2015,"5,277",7,0.13%
Closter Borough, Bergen ,2020,"5,274",105,1.99%
Collingswood Borough, Camden ,2015,"8,635",10,0.12%
Collingswood Borough, Camden ,2020,"9,239",67,0.73%
Colts Neck Township, Monmouth ,2015,"7,156",16,0.22%
Colts Neck Township, Monmouth ,2020,"7,212",111,1.54%
Commercial Township, Cumberland ,2015,"3,067",3,0.09%
Commercial Township, Cumberland ,2020,"2,953",7,0.24%
Corbin City City, Atlantic ,2015,350,0,0.06%
Corbin City City, Atlantic ,2020,543,1,0.18%
Cranbury Township, Middlesex ,2015,"2,693",3,0.12%
Cranbury Township, Middlesex ,2020,"2,797",43,1.54%
Cranford Township, Union ,2015,"15,906",14,0.09%
Cranford Township, Union ,2020,"16,659",119,0.71%
Cresskill Borough, Bergen ,2015,"5,602",6,0.11%
Cresskill Borough, Bergen ,2020,"5,531",95,1.72%
Deal Borough, Monmouth ,2015,542,0,0.00%
Deal Borough, Monmouth ,2020,363,37,10.19%
Deerfield Township, Cumberland ,2015,"2,052",1,0.03%
Deerfield Township, Cumberland ,2020,"1,983",6,0.30%
Delanco Township, Burlington ,2015,"3,170",2,0.06%
Delanco Township, Burlington ,2020,"3,377",11,0.33%
Delaware Township, Hunterdon ,2015,"3,847",4,0.11%
Delaware Township, Hunterdon ,2020,"3,752",29,0.77%
Delran Township, Burlington ,2015,"10,852",6,0.06%
Delran Township, Burlington ,2020,"11,504",37,0.32%
Demarest Borough, Bergen ,2015,"3,352",7,0.21%
Demarest Borough, Bergen ,2020,"3,314",98,2.96%
Dennis Township, Cape May ,2015,"4,924",4,0.08%
Dennis Township, Cape May ,2020,"4,928",20,0.41%
Denville Township, Morris ,2015,"12,274",12,0.10%
Denville Township, Morris ,2020,"12,134",128,1.05%
Deptford Township, Gloucester ,2015,"19,764",13,0.06%
Deptford Township, Gloucester ,2020,"20,479",77,0.38%
Dover town, Morris ,2015,"8,237",1,0.02%
Dover town, Morris ,2020,"9,152",19,0.21%
Downe Township, Cumberland ,2015,"1,041",1,0.05%
Downe Township, Cumberland ,2020,858,2,0.23%
Dumont Borough, Bergen ,2015,"11,333",5,0.04%
Dumont Borough, Bergen ,2020,"11,788",48,0.41%
Dunellen Borough, Middlesex ,2015,"4,345",1,0.03%
Dunellen Borough, Middlesex ,2020,"4,071",45,1.11%
Eagleswood Township, Ocean ,2015,"1,187",0,0.00%
Eagleswood Township, Ocean ,2020,"1,148",6,0.52%
East Amwell Township, Hunterdon ,2015,"3,185",4,0.13%
East Amwell Township, Hunterdon ,2020,"3,273",36,1.10%
East Brunswick Township, Middlesex ,2015,"31,289",27,0.09%
East Brunswick Township, Middlesex ,2020,"32,528",373,1.15%
East Greenwich Township, Gloucester ,2015,"6,788",3,0.04%
East Greenwich Township, Gloucester ,2020,"7,796",61,0.78%
East Hanover Township, Morris ,2015,"7,866",2,0.03%
East Hanover Township, Morris ,2020,"8,079",59,0.73%
East Newark Borough, Hudson ,2015,805,0,0.04%
East Newark Borough, Hudson ,2020,819,4,0.49%
East Orange City, Essex ,2015,"24,470",7,0.03%
East Orange City, Essex ,2020,"23,862",24,0.10%
East Rutherford Borough, Bergen ,2015,"5,282",4,0.08%
East Rutherford Borough, Bergen ,2020,"6,252",29,0.46%
East Windsor Township, Mercer ,2015,"16,438",16,0.10%
East Windsor Township, Mercer ,2020,"16,571",165,1.00%
Eastampton Township, Burlington ,2015,"4,070",3,0.06%
Eastampton Township, Burlington ,2020,"4,486",15,0.33%
Eatontown Borough, Monmouth ,2015,"8,738",6,0.07%
Eatontown Borough, Monmouth ,2020,"8,370",67,0.80%
Edgewater Borough, Bergen ,2015,"7,021",9,0.13%
Edgewater Borough, Bergen ,2020,"8,018",108,1.35%
Edgewater Park Township, Burlington ,2015,"5,794",3,0.05%
Edgewater Park Township, Burlington ,2020,"5,568",10,0.18%
Edison Township, Middlesex ,2015,"60,480",47,0.08%
Edison Township, Middlesex ,2020,"59,239",690,1.16%
Egg Harbor City City, Atlantic ,2015,"2,365",2,0.09%
Egg Harbor City City, Atlantic ,2020,"2,041",12,0.59%
Egg Harbor Township, Atlantic ,2015,"27,423",20,0.07%
Egg Harbor Township, Atlantic ,2020,"28,220",142,0.50%
Elizabeth City, Union ,2015,"45,271",3,0.01%
Elizabeth City, Union ,2020,"51,731",85,0.16%
Elk Township, Gloucester ,2015,"2,824",3,0.12%
Elk Township, Gloucester ,2020,"2,789",19,0.68%
Elmer Borough, Salem ,2015,960,1,0.11%
Elmer Borough, Salem ,2020,932,8,0.86%
Elmwood Park Borough, Bergen ,2015,"11,958",4,0.03%
Elmwood Park Borough, Bergen ,2020,"11,719",34,0.29%
Elsinboro Township, Salem ,2015,836,0,0.02%
Elsinboro Township, Salem ,2020,711,2,0.28%
Emerson Borough, Bergen ,2015,"4,756",1,0.02%
Emerson Borough, Bergen ,2020,"5,155",29,0.56%
Englewood City, Bergen ,2015,"15,117",20,0.13%
Englewood City, Bergen ,2020,"16,850",141,0.84%
Englewood Cliffs Borough, Bergen ,2015,"3,556",9,0.25%
Englewood Cliffs Borough, Bergen ,2020,"3,861",98,2.54%
Englishtown Borough, Monmouth ,2015,"1,271",1,0.11%
Englishtown Borough, Monmouth ,2020,"1,223",15,1.23%
Essex Fells Borough, Essex ,2015,"1,633",2,0.12%
Essex Fells Borough, Essex ,2020,"1,496",37,2.47%
Estell Manor City, Atlantic ,2015,"1,249",0,0.01%
Estell Manor City, Atlantic ,2020,"1,254",3,0.24%
Evesham Township, Burlington ,2015,"31,935",24,0.08%
Evesham Township, Burlington ,2020,"33,027",204,0.62%
Ewing Township, Mercer ,2015,"21,607",12,0.06%
Ewing Township, Mercer ,2020,"22,138",72,0.33%
Fair Haven Borough, Monmouth ,2015,"4,176",5,0.12%
Fair Haven Borough, Monmouth ,2020,"3,680",49,1.33%
Fair Lawn Borough, Bergen ,2015,"20,699",10,0.05%
Fair Lawn Borough, Bergen ,2020,"21,243",139,0.65%
Fairfield Township, Cumberland ,2015,"3,082",1,0.04%
Fairfield Township, Cumberland ,2020,"3,215",6,0.19%
Fairfield Township, Essex ,2015,"4,874",4,0.08%
Fairfield Township, Essex ,2020,"5,511",46,0.83%
Fairview Borough, Bergen ,2015,"6,832",2,0.03%
Fairview Borough, Bergen ,2020,"6,520",19,0.29%
Fanwood Borough, Union ,2015,"4,701",6,0.13%
Fanwood Borough, Union ,2020,"5,232",38,0.73%
Far Hills Borough, Somerset ,2015,800,4,0.53%
Far Hills Borough, Somerset ,2020,727,36,4.95%
Farmingdale Borough, Monmouth ,2015,"1,009",3,0.34%
Farmingdale Borough, Monmouth ,2020,900,15,1.67%
Fieldsboro Borough, Burlington ,2015,432,0,0.09%
Fieldsboro Borough, Burlington ,2020,562,2,0.36%
Flemington Borough, Hunterdon ,2015,"2,383",4,0.18%
Flemington Borough, Hunterdon ,2020,"2,617",40,1.53%
Florence Township, Burlington ,2015,"8,951",5,0.06%
Florence Township, Burlington ,2020,"9,006",40,0.44%
Florham Park Borough, Morris ,2015,"7,100",8,0.11%
Florham Park Borough, Morris ,2020,"7,275",79,1.09%
Folsom Borough, Atlantic ,2015,"1,283",1,0.05%
Folsom Borough, Atlantic ,2020,"1,150",5,0.43%
Fort Lee Borough, Bergen ,2015,"21,598",20,0.09%
Fort Lee Borough, Bergen ,2020,"21,713",231,1.06%
Frankford Township, Sussex ,2015,"4,182",5,0.11%
Frankford Township, Sussex ,2020,"4,193",19,0.45%
Franklin Borough, Sussex ,2015,"3,435",3,0.10%
Franklin Borough, Sussex ,2020,"3,564",8,0.22%
Franklin Lakes Borough, Bergen ,2015,"8,589",11,0.13%
Franklin Lakes Borough, Bergen ,2020,"8,322",151,1.81%
Franklin Township, Gloucester ,2015,"11,612",10,0.09%
Franklin Township, Gloucester ,2020,"12,255",45,0.37%
Franklin Township, Hunterdon ,2015,"2,612",4,0.15%
Franklin Township, Hunterdon ,2020,"2,825",26,0.92%
Franklin Township, Somerset ,2015,"40,227",41,0.10%
Franklin Township, Somerset ,2020,"42,932",383,0.89%
Franklin Township, Warren ,2015,"2,424",2,0.09%
Franklin Township, Warren ,2020,"2,471",12,0.49%
Fredon Township, Sussex ,2015,"2,453",1,0.04%
Fredon Township, Sussex ,2020,"2,516",8,0.32%
Freehold Borough, Monmouth ,2015,"5,153",4,0.07%
Freehold Borough, Monmouth ,2020,"5,562",38,0.68%
Freehold Township, Monmouth ,2015,"23,432",12,0.05%
Freehold Township, Monmouth ,2020,"23,664",128,0.54%
Frelinghuysen Township, Warren ,2015,"1,836",1,0.04%
Frelinghuysen Township, Warren ,2020,"1,552",7,0.45%
Frenchtown Borough, Hunterdon ,2015,"1,101",1,0.13%
Frenchtown Borough, Hunterdon ,2020,966,7,0.72%
Galloway Township, Atlantic ,2015,"21,578",12,0.06%
Galloway Township, Atlantic ,2020,"23,127",72,0.31%
Garfield City, Bergen ,2015,"16,654",5,0.03%
Garfield City, Bergen ,2020,"18,049",44,0.24%
Garwood Borough, Union ,2015,"2,937",0,0.00%
Garwood Borough, Union ,2020,"2,860",12,0.42%
Gibbsboro Borough, Camden ,2015,"1,535",1,0.07%
Gibbsboro Borough, Camden ,2020,"1,557",8,0.51%
Glassboro Borough, Gloucester ,2015,"10,829",4,0.04%
Glassboro Borough, Gloucester ,2020,"11,346",33,0.29%
Glen Gardner Borough, Hunterdon ,2015,"1,231",2,0.15%
Glen Gardner Borough, Hunterdon ,2020,"1,230",10,0.81%
Glen Ridge Borough, Essex ,2015,"4,361",3,0.07%
Glen Ridge Borough, Essex ,2020,"4,295",83,1.93%
Glen Rock Borough, Bergen ,2015,"7,742",8,0.10%
Glen Rock Borough, Bergen ,2020,"6,767",98,1.45%
Gloucester City City, Camden ,2015,"5,867",3,0.04%
Gloucester City City, Camden ,2020,"6,325",13,0.21%
Gloucester Township, Camden ,2015,"41,195",23,0.05%
Gloucester Township, Camden ,2020,"40,581",125,0.31%
Green Brook Township, Somerset ,2015,"4,822",2,0.04%
Green Brook Township, Somerset ,2020,"4,790",42,0.88%
Green Township, Sussex ,2015,"2,492",2,0.06%
Green Township, Sussex ,2020,"2,592",11,0.42%
Greenwich Township, Cumberland ,2015,747,0,0.00%
Greenwich Township, Cumberland ,2020,413,1,0.24%
Greenwich Township, Gloucester ,2015,"3,560",3,0.08%
Greenwich Township, Gloucester ,2020,"3,494",6,0.17%
Greenwich Township, Warren ,2015,"3,700",2,0.06%
Greenwich Township, Warren ,2020,"3,867",18,0.47%
Guttenberg town, Hudson ,2015,"3,686",1,0.02%
Guttenberg town, Hudson ,2020,"4,619",18,0.39%
Hackensack City, Bergen ,2015,"22,056",14,0.06%
Hackensack City, Bergen ,2020,"23,567",90,0.38%
Hackettstown town, Warren ,2015,"5,707",3,0.05%
Hackettstown town, Warren ,2020,"5,730",33,0.58%
Haddon Heights Borough, Camden ,2015,"5,052",4,0.08%
Haddon Heights Borough, Camden ,2020,"5,504",28,0.51%
Haddon Township, Camden ,2015,"9,557",11,0.12%
Haddon Township, Camden ,2020,"9,835",80,0.81%
Haddonfield Borough, Camden ,2015,"7,803",13,0.17%
Haddonfield Borough, Camden ,2020,"7,545",103,1.37%
Hainesport Township, Burlington ,2015,"4,666",3,0.06%
Hainesport Township, Burlington ,2020,"4,882",34,0.70%
Haledon Borough, Passaic ,2015,"4,196",3,0.06%
Haledon Borough, Passaic ,2020,"4,477",17,0.38%
Hamburg Borough, Sussex ,2015,"2,359",2,0.06%
Hamburg Borough, Sussex ,2020,"2,337",11,0.47%
Hamilton Township, Atlantic ,2015,"16,283",9,0.06%
Hamilton Township, Atlantic ,2020,"16,747",51,0.30%
Hamilton Township, Mercer ,2015,"58,255",32,0.05%
Hamilton Township, Mercer ,2020,"60,294",256,0.42%
Hammonton town, Atlantic ,2015,"9,456",9,0.09%
Hammonton town, Atlantic ,2020,"9,278",43,0.46%
Hampton Borough, Hunterdon ,2015,907,1,0.08%
Hampton Borough, Hunterdon ,2020,973,6,0.62%
Hampton Township, Sussex ,2015,"3,947",2,0.04%
Hampton Township, Sussex ,2020,"3,680",13,0.35%
Hanover Township, Morris ,2015,"10,005",13,0.13%
Hanover Township, Morris ,2020,"10,681",83,0.78%
Harding Township, Morris ,2015,"3,074",4,0.13%
Harding Township, Morris ,2020,"3,210",45,1.40%
Hardwick Township, Warren ,2015,"1,099",1,0.05%
Hardwick Township, Warren ,2020,"1,152",6,0.52%
Hardyston Township, Sussex ,2015,"6,054",4,0.07%
Hardyston Township, Sussex ,2020,"6,098",22,0.36%
Harmony Township, Warren ,2015,"2,031",1,0.03%
Harmony Township, Warren ,2020,"2,198",4,0.18%
Harrington Park Borough, Bergen ,2015,"3,117",3,0.10%
Harrington Park Borough, Bergen ,2020,"3,575",38,1.06%
Harrison town, Hudson ,2015,"5,730",4,0.06%
Harrison town, Hudson ,2020,"7,223",36,0.50%
Harrison Township, Gloucester ,2015,"8,453",9,0.11%
Harrison Township, Gloucester ,2020,"8,938",80,0.90%
Harvey Cedars Borough, Ocean ,2015,357,0,0.08%
Harvey Cedars Borough, Ocean ,2020,388,3,0.77%
Hasbrouck Heights Borough, Bergen ,2015,"7,454",5,0.07%
Hasbrouck Heights Borough, Bergen ,2020,"7,190",56,0.78%
Haworth Borough, Bergen ,2015,"2,358",2,0.09%
Haworth Borough, Bergen ,2020,"2,289",30,1.31%
Hawthorne Borough, Passaic ,2015,"12,032",6,0.05%
Hawthorne Borough, Passaic ,2020,"12,681",52,0.41%
Hazlet Township, Monmouth ,2015,"13,764",8,0.06%
Hazlet Township, Monmouth ,2020,"14,045",53,0.38%
Helmetta Borough, Middlesex ,2015,"1,546",1,0.06%
Helmetta Borough, Middlesex ,2020,"1,713",10,0.58%
High Bridge Borough, Hunterdon ,2015,"2,677",0,0.00%
High Bridge Borough, Hunterdon ,2020,"2,680",13,0.49%
Highland Park Borough, Middlesex ,2015,"7,642",11,0.14%
Highland Park Borough, Middlesex ,2020,"8,593",79,0.92%
Highlands Borough, Monmouth ,2015,"3,595",1,0.03%
Highlands Borough, Monmouth ,2020,"3,713",17,0.46%
Hightstown Borough, Mercer ,2015,"3,442",4,0.13%
Hightstown Borough, Mercer ,2020,"3,211",39,1.21%
HillsBorough Township, Somerset ,2015,"26,430",30,0.11%
HillsBorough Township, Somerset ,2020,"27,697",337,1.22%
Hillsdale Borough, Bergen ,2015,"6,741",2,0.03%
Hillsdale Borough, Bergen ,2020,"7,288",48,0.66%
Hillside Township, Union ,2015,"11,814",5,0.04%
Hillside Township, Union ,2020,"12,545",28,0.22%
Hi-Nella Borough, Camden ,2015,498,1,0.12%
Hi-Nella Borough, Camden ,2020,778,3,0.39%
Hoboken, Hudson ,2015,"19,782",17,0.09%
Hoboken, Hudson ,2020,"20,009",205,1.02%
Ho-Ho-Kus Borough, Bergen ,2015,"2,735",7,0.26%
Ho-Ho-Kus Borough, Bergen ,2020,"2,826",50,1.77%
Holland Township, Hunterdon ,2015,"4,131",3,0.08%
Holland Township, Hunterdon ,2020,"4,091",15,0.37%
Holmdel Township, Monmouth ,2015,"11,350",25,0.22%
Holmdel Township, Monmouth ,2020,"12,341",202,1.64%
Hopatcong Borough, Sussex ,2015,"10,925",4,0.04%
Hopatcong Borough, Sussex ,2020,"11,159",39,0.35%
Hope Township, Warren ,2015,"1,471",1,0.05%
Hope Township, Warren ,2020,"1,590",7,0.44%
Hopewell Borough, Mercer ,2015,"1,424",6,0.45%
Hopewell Borough, Mercer ,2020,"1,330",34,2.56%
Hopewell Township, Cumberland ,2015,"3,103",1,0.03%
Hopewell Township, Cumberland ,2020,"2,983",5,0.17%
Hopewell Township, Mercer ,2015,"13,216",26,0.20%
Hopewell Township, Mercer ,2020,"12,631",205,1.62%
Howell Township, Monmouth ,2015,"34,798",19,0.05%
Howell Township, Monmouth ,2020,"35,755",177,0.50%
Independence Township, Warren ,2015,"4,154",2,0.04%
Independence Township, Warren ,2020,"4,616",16,0.35%
Interlaken Borough, Monmouth ,2015,667,0,0.04%
Interlaken Borough, Monmouth ,2020,657,4,0.61%
Irvington Township, Essex ,2015,"20,693",0,0.00%
Irvington Township, Essex ,2020,"22,268",21,0.09%
Island Heights Borough, Ocean ,2015,"1,273",2,0.16%
Island Heights Borough, Ocean ,2020,"1,289",9,0.70%
Jackson Township, Ocean ,2015,"38,627",21,0.05%
Jackson Township, Ocean ,2020,"40,229",189,0.47%
Jamesburg Borough, Middlesex ,2015,"3,463",4,0.11%
Jamesburg Borough, Middlesex ,2020,"3,806",45,1.18%
Jefferson Township, Morris ,2015,"15,646",10,0.06%
Jefferson Township, Morris ,2020,"15,765",57,0.36%
Jersey City City, Hudson ,2015,"81,724",49,0.06%
Jersey City City, Hudson ,2020,"88,454",737,0.83%
Keansburg Borough, Monmouth ,2015,"5,778",0,0.00%
Keansburg Borough, Monmouth ,2020,"5,860",10,0.17%
Kearny town, Hudson ,2015,"20,607",8,0.04%
Kearny town, Hudson ,2020,"20,519",51,0.25%
Kenilworth Borough, Union ,2015,"5,293",1,0.02%
Kenilworth Borough, Union ,2020,"5,182",18,0.35%
Keyport Borough, Monmouth ,2015,"4,212",3,0.08%
Keyport Borough, Monmouth ,2020,"4,682",22,0.47%
Kingwood Township, Hunterdon ,2015,"3,006",3,0.11%
Kingwood Township, Hunterdon ,2020,"3,142",20,0.64%
Kinnelon Borough, Morris ,2015,"7,680",3,0.04%
Kinnelon Borough, Morris ,2020,"7,682",48,0.62%
Knowlton Township, Warren ,2015,"2,211",1,0.03%
Knowlton Township, Warren ,2020,"2,377",9,0.38%
Lacey Township, Ocean ,2015,"20,857",7,0.03%
Lacey Township, Ocean ,2020,"22,629",65,0.29%
Lafayette Township, Sussex ,2015,"1,731",1,0.06%
Lafayette Township, Sussex ,2020,"1,631",6,0.37%
Lake Como Borough, Monmouth ,2015,"1,054",1,0.09%
Lake Como Borough, Monmouth ,2020,"1,336",10,0.75%
Lakehurst Borough, Ocean ,2015,"1,524",2,0.12%
Lakehurst Borough, Ocean ,2020,"1,819",6,0.33%
Lakewood Township, Ocean ,2015,"33,720",6,0.02%
Lakewood Township, Ocean ,2020,"34,782",421,1.21%
Lambertville City, Hunterdon ,2015,"3,160",5,0.16%
Lambertville City, Hunterdon ,2020,"2,880",36,1.25%
Laurel Springs Borough, Camden ,2015,"1,267",0,0.03%
Laurel Springs Borough, Camden ,2020,"1,275",3,0.24%
Lavallette Borough, Ocean ,2015,"1,597",1,0.08%
Lavallette Borough, Ocean ,2020,"1,785",6,0.34%
Lawnside Borough, Camden ,2015,"1,547",0,0.00%
Lawnside Borough, Camden ,2020,"1,906",6,0.31%
Lawrence Township, Cumberland ,2015,"2,034",0,0.01%
Lawrence Township, Cumberland ,2020,"2,164",7,0.32%
Lawrence Township, Mercer ,2015,"21,570",43,0.20%
Lawrence Township, Mercer ,2020,"21,566",237,1.10%
Lebanon Borough, Hunterdon ,2015,"1,347",2,0.16%
Lebanon Borough, Hunterdon ,2020,"1,511",17,1.13%
Lebanon Township, Hunterdon ,2015,"5,228",6,0.12%
Lebanon Township, Hunterdon ,2020,"5,122",35,0.68%
Leonia Borough, Bergen ,2015,"5,103",7,0.14%
Leonia Borough, Bergen ,2020,"5,551",54,0.97%
Liberty Township, Warren ,2015,"2,133",1,0.06%
Liberty Township, Warren ,2020,"2,313",5,0.22%
Lincoln Park Borough, Morris ,2015,"7,119",1,0.01%
Lincoln Park Borough, Morris ,2020,"7,325",25,0.34%
Linden City, Union ,2015,"22,877",12,0.05%
Linden City, Union ,2020,"24,492",70,0.29%
Lindenwold Borough, Camden ,2015,"9,546",4,0.05%
Lindenwold Borough, Camden ,2020,"9,753",27,0.28%
Linwood City, Atlantic ,2015,"4,728",1,0.02%
Linwood City, Atlantic ,2020,"4,982",40,0.80%
Little Egg Harbor Township, Ocean ,2015,"14,316",7,0.05%
Little Egg Harbor Township, Ocean ,2020,"15,732",43,0.27%
Little Falls Township, Passaic ,2015,"8,799",4,0.04%
Little Falls Township, Passaic ,2020,"9,770",40,0.41%
Little Ferry Borough, Bergen ,2015,"6,242",4,0.06%
Little Ferry Borough, Bergen ,2020,"6,873",21,0.31%
Little Silver Borough, Monmouth ,2015,"4,255",2,0.05%
Little Silver Borough, Monmouth ,2020,"4,348",38,0.87%
Livingston Township, Essex ,2015,"19,288",32,0.16%
Livingston Township, Essex ,2020,"20,000",382,1.91%
Loch Arbour village, Monmouth ,2015,132,0,0.15%
Loch Arbour village, Monmouth ,2020,148,6,4.05%
Lodi Borough, Bergen ,2015,"13,518",6,0.04%
Lodi Borough, Bergen ,2020,"13,523",41,0.30%
Logan Township, Gloucester ,2015,"4,126",2,0.04%
Logan Township, Gloucester ,2020,"4,075",23,0.56%
Long Beach Township, Ocean ,2015,"2,591",2,0.09%
Long Beach Township, Ocean ,2020,"2,486",21,0.84%
Long Branch City, Monmouth ,2015,"16,830",11,0.06%
Long Branch City, Monmouth ,2020,"18,358",127,0.69%
Long Hill Township, Morris ,2015,"6,215",8,0.13%
Long Hill Township, Morris ,2020,"6,223",77,1.24%
Longport Borough, Atlantic ,2015,735,1,0.12%
Longport Borough, Atlantic ,2020,706,9,1.27%
Lopatcong Township, Warren ,2015,"5,458",2,0.04%
Lopatcong Township, Warren ,2020,"6,098",16,0.26%
Lower Alloways Creek Township, Salem ,2015,"1,208",0,0.02%
Lower Alloways Creek Township, Salem ,2020,"1,391",2,0.14%
Lower Township, Cape May ,2015,"15,385",6,0.04%
Lower Township, Cape May ,2020,"16,172",94,0.58%
Lumberton Township, Burlington ,2015,"8,118",6,0.07%
Lumberton Township, Burlington ,2020,"8,516",49,0.58%
Lyndhurst Township, Bergen ,2015,"12,696",4,0.03%
Lyndhurst Township, Bergen ,2020,"15,267",43,0.28%
Madison Borough, Morris ,2015,"9,726",15,0.15%
Madison Borough, Morris ,2020,"10,100",147,1.46%
Magnolia Borough, Camden ,2015,"2,658",3,0.13%
Magnolia Borough, Camden ,2020,"2,846",9,0.32%
Mahwah Township, Bergen ,2015,"16,288",12,0.07%
Mahwah Township, Bergen ,2020,"17,368",161,0.93%
Manalapan Township, Monmouth ,2015,"26,959",22,0.08%
Manalapan Township, Monmouth ,2020,"27,480",249,0.91%
Manasquan Borough, Monmouth ,2015,"4,287",2,0.04%
Manasquan Borough, Monmouth ,2020,"4,509",44,0.98%
Manchester Township, Ocean ,2015,"30,775",14,0.04%
Manchester Township, Ocean ,2020,"31,152",71,0.23%
Mannington Township, Salem ,2015,975,0,0.03%
Mannington Township, Salem ,2020,"1,026",3,0.29%
Mansfield Township, Burlington ,2015,"6,424",8,0.12%
Mansfield Township, Burlington ,2020,"6,595",58,0.88%
Mansfield Township, Warren ,2015,"5,771",4,0.06%
Mansfield Township, Warren ,2020,"4,903",24,0.49%
Mantoloking Borough, Ocean ,2015,286,0,0.10%
Mantoloking Borough, Ocean ,2020,381,4,1.05%
Mantua Township, Gloucester ,2015,"10,726",5,0.04%
Mantua Township, Gloucester ,2020,"10,543",51,0.48%
Manville Borough, Somerset ,2015,"6,219",3,0.05%
Manville Borough, Somerset ,2020,"6,812",18,0.26%
Maple Shade Township, Burlington ,2015,"12,599",5,0.04%
Maple Shade Township, Burlington ,2020,"12,503",33,0.26%
Maplewood Township, Essex ,2015,"12,606",22,0.17%
Maplewood Township, Essex ,2020,"13,259",208,1.57%
Margate City City, Atlantic ,2015,"4,817",3,0.06%
Margate City City, Atlantic ,2020,"4,699",56,1.19%
Marlboro Township, Monmouth ,2015,"27,015",32,0.12%
Marlboro Township, Monmouth ,2020,"27,464",414,1.51%
Matawan Borough, Monmouth ,2015,"5,886",4,0.07%
Matawan Borough, Monmouth ,2020,"5,732",46,0.80%
Maurice River Township, Cumberland ,2015,"2,178",0,0.01%
Maurice River Township, Cumberland ,2020,"1,850",2,0.11%
Maywood Borough, Bergen ,2015,"5,616",4,0.07%
Maywood Borough, Bergen ,2020,"6,228",28,0.45%
Medford Lakes Borough, Burlington ,2015,"3,042",3,0.11%
Medford Lakes Borough, Burlington ,2020,"2,960",26,0.88%
Medford Township, Burlington ,2015,"16,389",23,0.14%
Medford Township, Burlington ,2020,"17,470",174,1.00%
Mendham Borough, Morris ,2015,"3,191",8,0.24%
Mendham Borough, Morris ,2020,"3,428",55,1.60%
Mendham Township, Morris ,2015,"4,102",6,0.15%
Mendham Township, Morris ,2020,"4,408",53,1.20%
Merchantville Borough, Camden ,2015,"2,262",2,0.09%
Merchantville Borough, Camden ,2020,"2,120",12,0.57%
Metuchen Borough, Middlesex ,2015,"8,704",8,0.10%
Metuchen Borough, Middlesex ,2020,"8,978",84,0.94%
Middle Township, Cape May ,2015,"12,138",11,0.09%
Middle Township, Cape May ,2020,"13,110",60,0.46%
Middlesex Borough, Middlesex ,2015,"9,150",1,0.01%
Middlesex Borough, Middlesex ,2020,"9,146",23,0.25%
Middletown Township, Monmouth ,2015,"45,668",32,0.07%
Middletown Township, Monmouth ,2020,"46,745",233,0.50%
Midland Park Borough, Bergen ,2015,"4,594",6,0.13%
Midland Park Borough, Bergen ,2020,"5,123",29,0.57%
Milford Borough, Hunterdon ,2015,865,1,0.09%
Milford Borough, Hunterdon ,2020,"1,011",4,0.40%
Millburn Township, Essex ,2015,"12,477",26,0.21%
Millburn Township, Essex ,2020,"13,020",414,3.18%
Millstone Borough, Somerset ,2015,314,0,0.10%
Millstone Borough, Somerset ,2020,441,4,0.91%
Millstone Township, Monmouth ,2015,"7,600",13,0.17%
Millstone Township, Monmouth ,2020,"8,474",75,0.89%
Milltown Borough, Middlesex ,2015,"4,955",6,0.13%
Milltown Borough, Middlesex ,2020,"4,894",35,0.72%
Millville City, Cumberland ,2015,"16,275",10,0.06%
Millville City, Cumberland ,2020,"18,722",43,0.23%
Mine Hill Township, Morris ,2015,"2,249",0,0.00%
Mine Hill Township, Morris ,2020,"2,549",7,0.27%
Monmouth Beach Borough, Monmouth ,2015,"2,518",3,0.12%
Monmouth Beach Borough, Monmouth ,2020,"2,539",69,2.72%
Monroe Township, Gloucester ,2015,"23,516",13,0.05%
Monroe Township, Gloucester ,2020,"25,618",82,0.32%
Monroe Township, Middlesex ,2015,"28,818",41,0.14%
Monroe Township, Middlesex ,2020,"32,072",491,1.53%
Montague Township, Sussex ,2015,"2,681",2,0.06%
Montague Township, Sussex ,2020,"3,008",11,0.37%
Montclair Township, Essex ,2015,"21,455",39,0.18%
Montclair Township, Essex ,2020,"21,667",395,1.82%
Montgomery Township, Somerset ,2015,"14,935",35,0.24%
Montgomery Township, Somerset ,2020,"15,454",383,2.48%
Montvale Borough, Bergen ,2015,"5,358",5,0.09%
Montvale Borough, Bergen ,2020,"5,634",54,0.96%
Montville Township, Morris ,2015,"15,160",15,0.10%
Montville Township, Morris ,2020,"16,031",201,1.25%
Moonachie Borough, Bergen ,2015,"1,587",1,0.06%
Moonachie Borough, Bergen ,2020,"1,461",7,0.48%
Moorestown Township, Burlington ,2015,"14,311",23,0.16%
Moorestown Township, Burlington ,2020,"14,601",250,1.71%
Morris Plains Borough, Morris ,2015,"3,833",5,0.13%
Morris Plains Borough, Morris ,2020,"4,540",49,1.08%
Morris Township, Morris ,2015,"15,584",20,0.13%
Morris Township, Morris ,2020,"16,169",165,1.02%
Morristown town, Morris ,2015,"10,434",21,0.20%
Morristown town, Morris ,2020,"12,924",170,1.32%
Mount Arlington Borough, Morris ,2015,"3,744",0,0.01%
Mount Arlington Borough, Morris ,2020,"4,219",14,0.33%
Mount Ephraim Borough, Camden ,2015,"2,886",1,0.03%
Mount Ephraim Borough, Camden ,2020,"3,523",13,0.37%
Mount Holly Township, Burlington ,2015,"5,327",5,0.09%
Mount Holly Township, Burlington ,2020,"5,580",28,0.50%
Mount Laurel Township, Burlington ,2015,"29,434",26,0.09%
Mount Laurel Township, Burlington ,2020,"30,924",228,0.74%
Mount Olive Township, Morris ,2015,"19,279",11,0.06%
Mount Olive Township, Morris ,2020,"19,819",102,0.51%
Mountain Lakes Borough, Morris ,2015,"2,997",6,0.20%
Mountain Lakes Borough, Morris ,2020,"2,977",90,3.02%
Mountainside Borough, Union ,2015,"4,626",7,0.15%
Mountainside Borough, Union ,2020,"4,870",59,1.21%
Mullica Township, Atlantic ,2015,"4,152",3,0.07%
Mullica Township, Atlantic ,2020,"4,112",15,0.36%
National Park Borough, Gloucester ,2015,"1,809",0,0.00%
National Park Borough, Gloucester ,2020,"2,076",2,0.10%
Neptune City Borough, Monmouth ,2015,"2,931",1,0.04%
Neptune City Borough, Monmouth ,2020,"3,334",11,0.33%
Neptune Township, Monmouth ,2015,"17,382",6,0.04%
Neptune Township, Monmouth ,2020,"18,577",57,0.31%
Netcong Borough, Morris ,2015,"2,178",0,0.00%
Netcong Borough, Morris ,2020,"2,389",5,0.21%
New Brunswick City, Middlesex ,2015,"14,721",10,0.07%
New Brunswick City, Middlesex ,2020,"17,457",62,0.36%
New Hanover Township, Burlington ,2015,"1,160",1,0.07%
New Hanover Township, Burlington ,2020,"1,913",9,0.47%
New Milford Borough, Bergen ,2015,"10,231",5,0.05%
New Milford Borough, Bergen ,2020,"10,211",54,0.53%
New Providence Borough, Union ,2015,"7,562",5,0.06%
New Providence Borough, Union ,2020,"9,004",103,1.14%
Newark City, Essex ,2015,"79,073",20,0.03%
Newark City, Essex ,2020,"92,490",141,0.15%
Newfield Borough, Gloucester ,2015,"1,132",1,0.11%
Newfield Borough, Gloucester ,2020,"1,093",5,0.46%
Newton town, Sussex ,2015,"4,296",3,0.06%
Newton town, Sussex ,2020,"5,360",21,0.39%
North Arlington Borough, Bergen ,2015,"9,560",5,0.05%
North Arlington Borough, Bergen ,2020,"10,464",34,0.32%
North Bergen Township, Hudson ,2015,"25,672",8,0.03%
North Bergen Township, Hudson ,2020,"25,912",94,0.36%
North Brunswick Township, Middlesex ,2015,"24,907",19,0.07%
North Brunswick Township, Middlesex ,2020,"24,070",204,0.85%
North Caldwell Borough, Essex ,2015,"4,728",3,0.05%
North Caldwell Borough, Essex ,2020,"4,827",37,0.77%
North Haledon Borough, Passaic ,2015,"5,998",3,0.05%
North Haledon Borough, Passaic ,2020,"5,594",19,0.34%
North Hanover Township, Burlington ,2015,"4,696",3,0.05%
North Hanover Township, Burlington ,2020,"4,970",22,0.44%
North Plainfield Borough, Somerset ,2015,"11,991",7,0.06%
North Plainfield Borough, Somerset ,2020,"13,007",35,0.27%
North Wildwood City, Cape May ,2015,"2,718",2,0.06%
North Wildwood City, Cape May ,2020,"2,724",47,1.73%
Northfield City, Atlantic ,2015,"5,516",3,0.05%
Northfield City, Atlantic ,2020,"5,601",19,0.34%
Northvale Borough, Bergen ,2015,"3,156",4,0.12%
Northvale Borough, Bergen ,2020,"3,434",24,0.70%
Norwood Borough, Bergen ,2015,"4,133",0,0.00%
Norwood Borough, Bergen ,2020,"3,698",52,1.41%
Nutley Township, Essex ,2015,"18,002",7,0.04%
Nutley Township, Essex ,2020,"18,561",90,0.48%
Oakland Borough, Bergen ,2015,"9,035",5,0.06%
Oakland Borough, Bergen ,2020,"8,908",59,0.66%
Oaklyn Borough, Camden ,2015,"2,709",2,0.08%
Oaklyn Borough, Camden ,2020,"2,819",13,0.46%
Ocean City City, Cape May ,2015,"7,512",5,0.07%
Ocean City City, Cape May ,2020,"8,012",89,1.11%
Ocean Gate Borough, Ocean ,2015,"1,410",0,0.00%
Ocean Gate Borough, Ocean ,2020,"1,037",3,0.29%
Ocean Township, Monmouth ,2015,"18,175",13,0.07%
Ocean Township, Monmouth ,2020,"18,626",146,0.78%
Ocean Township, Ocean ,2015,"6,884",1,0.02%
Ocean Township, Ocean ,2020,"7,047",15,0.21%
Oceanport Borough, Monmouth ,2015,"4,035",3,0.07%
Oceanport Borough, Monmouth ,2020,"4,623",23,0.50%
Ogdensburg Borough, Sussex ,2015,"1,743",0,0.00%
Ogdensburg Borough, Sussex ,2020,"1,580",1,0.06%
Old Bridge Township, Middlesex ,2015,"42,870",20,0.05%
Old Bridge Township, Middlesex ,2020,"44,998",234,0.52%
Old Tappan Borough, Bergen ,2015,"4,104",4,0.10%
Old Tappan Borough, Bergen ,2020,"4,064",41,1.01%
Oldmans Township, Salem ,2015,"1,316",0,0.00%
Oldmans Township, Salem ,2020,"1,229",8,0.65%
Oradell Borough, Bergen ,2015,"5,314",8,0.15%
Oradell Borough, Bergen ,2020,"5,657",51,0.90%
Oxford Township, Warren ,2015,"1,730",1,0.03%
Oxford Township, Warren ,2020,"1,957",4,0.20%
Palisades Park Borough, Bergen ,2015,"9,964",3,0.03%
Palisades Park Borough, Bergen ,2020,"10,493",72,0.69%
Palmyra Borough, Burlington ,2015,"5,046",9,0.18%
Palmyra Borough, Burlington ,2020,"4,736",19,0.40%
Paramus Borough, Bergen ,2015,"16,641",15,0.09%
Paramus Borough, Bergen ,2020,"16,692",231,1.38%
Park Ridge Borough, Bergen ,2015,"5,742",4,0.07%
Park Ridge Borough, Bergen ,2020,"6,357",48,0.76%
Parsippany-Troy Hills Township, Morris ,2015,"34,684",29,0.08%
Parsippany-Troy Hills Township, Morris ,2020,"34,525",315,0.91%
Passaic City, Passaic ,2015,"17,246",3,0.02%
Passaic City, Passaic ,2020,"20,386",42,0.21%
Paterson City, Passaic ,2015,"43,819",7,0.02%
Paterson City, Passaic ,2020,"48,712",67,0.14%
Paulsboro Borough, Gloucester ,2015,"3,234",0,0.00%
Paulsboro Borough, Gloucester ,2020,"3,650",5,0.14%
Peapack and Gladstone Borough, Somerset ,2015,"1,787",6,0.34%
Peapack and Gladstone Borough, Somerset ,2020,"1,751",30,1.71%
Pemberton Borough, Burlington ,2015,"1,032",1,0.09%
Pemberton Borough, Burlington ,2020,"1,150",5,0.43%
Pemberton Township, Burlington ,2015,"18,353",11,0.06%
Pemberton Township, Burlington ,2020,"18,963",50,0.26%
Pennington Borough, Mercer ,2015,"1,779",6,0.31%
Pennington Borough, Mercer ,2020,"1,734",55,3.17%
Penns Grove Borough, Salem ,2015,"2,061",0,0.02%
Penns Grove Borough, Salem ,2020,"2,209",7,0.32%
Pennsauken Township, Camden ,2015,"20,879",9,0.04%
Pennsauken Township, Camden ,2020,"20,601",51,0.25%
Pennsville Township, Salem ,2015,"9,387",5,0.05%
Pennsville Township, Salem ,2020,"9,086",16,0.18%
Pequannock Township, Morris ,2015,"10,514",2,0.02%
Pequannock Township, Morris ,2020,"10,526",38,0.36%
Perth Amboy City, Middlesex ,2015,"20,012",9,0.04%
Perth Amboy City, Middlesex ,2020,"21,105",44,0.21%
Phillipsburg town, Warren ,2015,"8,309",4,0.04%
Phillipsburg town, Warren ,2020,"8,960",22,0.25%
Pilesgrove Township, Salem ,2015,"2,877",1,0.03%
Pilesgrove Township, Salem ,2020,"3,084",17,0.55%
Pine Beach Borough, Ocean ,2015,"1,608",0,0.00%
Pine Beach Borough, Ocean ,2020,"1,788",5,0.28%
Pine Hill Borough, Camden ,2015,"5,938",3,0.04%
Pine Hill Borough, Camden ,2020,"7,069",17,0.24%
Pine Valley Borough, Camden ,2015,2,0,0.00%
Pine Valley Borough, Camden ,2020,13,#N/A,#N/A
Piscataway Township, Middlesex ,2015,"30,116",26,0.09%
Piscataway Township, Middlesex ,2020,"29,930",279,0.93%
Pitman Borough, Gloucester ,2015,"6,148",2,0.03%
Pitman Borough, Gloucester ,2020,"5,955",29,0.49%
Pittsgrove Township, Salem ,2015,"6,576",2,0.04%
Pittsgrove Township, Salem ,2020,"6,765",18,0.27%
Plainfield City, Union ,2015,"20,832",16,0.08%
Plainfield City, Union ,2020,"22,027",81,0.37%
Plainsboro Township, Middlesex ,2015,"15,022",21,0.14%
Plainsboro Township, Middlesex ,2020,"14,771",249,1.69%
Pleasantville City, Atlantic ,2015,"9,155",1,0.01%
Pleasantville City, Atlantic ,2020,"9,236",7,0.08%
Plumsted Township, Ocean ,2015,"5,847",2,0.03%
Plumsted Township, Ocean ,2020,"6,902",23,0.33%
Pohatcong Township, Warren ,2015,"2,480",1,0.04%
Pohatcong Township, Warren ,2020,"2,740",6,0.22%
Point Pleasant Beach Borough, Ocean ,2015,"3,324",4,0.13%
Point Pleasant Beach Borough, Ocean ,2020,"3,327",32,0.96%
Point Pleasant Borough, Ocean ,2015,"13,208",10,0.07%
Point Pleasant Borough, Ocean ,2020,"14,322",73,0.51%
Pompton Lakes Borough, Passaic ,2015,"7,062",1,0.01%
Pompton Lakes Borough, Passaic ,2020,"7,385",32,0.43%
Port Republic City, Atlantic ,2015,759,1,0.13%
Port Republic City, Atlantic ,2020,"1,104",7,0.63%
Princeton, Mercer ,2015,"14,615",54,0.37%
Princeton, Mercer ,2020,"15,263",450,2.95%
Prospect Park Borough, Passaic ,2015,"2,634",2,0.06%
Prospect Park Borough, Passaic ,2020,"2,489",11,0.44%
Quinton Township, Salem ,2015,"1,872",0,0.02%
Quinton Township, Salem ,2020,"2,002",3,0.15%
Rahway City, Union ,2015,"15,960",9,0.06%
Rahway City, Union ,2020,"17,502",64,0.37%
Ramsey Borough, Bergen ,2015,"10,570",13,0.12%
Ramsey Borough, Bergen ,2020,"10,392",84,0.81%
Randolph Township, Morris ,2015,"17,804",10,0.06%
Randolph Township, Morris ,2020,"17,731",169,0.95%
Raritan Borough, Somerset ,2015,"4,431",3,0.07%
Raritan Borough, Somerset ,2020,"5,228",33,0.63%
Raritan Township, Hunterdon ,2015,"15,877",14,0.09%
Raritan Township, Hunterdon ,2020,"16,670",133,0.80%
Readington Township, Hunterdon ,2015,"12,675",15,0.11%
Readington Township, Hunterdon ,2020,"12,780",97,0.76%
Red Bank Borough, Monmouth ,2015,"6,466",9,0.13%
Red Bank Borough, Monmouth ,2020,"7,444",60,0.81%
Ridgefield Borough, Bergen ,2015,"6,463",5,0.08%
Ridgefield Borough, Bergen ,2020,"6,673",26,0.39%
Ridgefield Park village, Bergen ,2015,"6,817",8,0.12%
Ridgefield Park village, Bergen ,2020,"7,146",38,0.53%
Ridgewood village, Bergen ,2015,"15,735",24,0.15%
Ridgewood village, Bergen ,2020,"15,805",291,1.84%
Ringwood Borough, Passaic ,2015,"8,479",7,0.08%
Ringwood Borough, Passaic ,2020,"8,988",59,0.66%
River Edge Borough, Bergen ,2015,"7,194",2,0.03%
River Edge Borough, Bergen ,2020,"7,587",70,0.92%
River Vale Township, Bergen ,2015,"6,607",7,0.11%
River Vale Township, Bergen ,2020,"6,916",70,1.01%
Riverdale Borough, Morris ,2015,"3,326",3,0.09%
Riverdale Borough, Morris ,2020,"3,258",14,0.43%
Riverside Township, Burlington ,2015,"4,887",3,0.06%
Riverside Township, Burlington ,2020,"4,848",17,0.35%
Riverton Borough, Burlington ,2015,"1,943",2,0.09%
Riverton Borough, Burlington ,2020,"1,913",12,0.63%
Robbinsville Township, Mercer ,2015,"9,667",11,0.12%
Robbinsville Township, Mercer ,2020,"9,874",128,1.30%
Rochelle Park Township, Bergen ,2015,"3,525",1,0.03%
Rochelle Park Township, Bergen ,2020,"3,811",11,0.29%
Rockaway Borough, Morris ,2015,"4,224",4,0.08%
Rockaway Borough, Morris ,2020,"4,342",25,0.58%
Rockaway Township, Morris ,2015,"17,039",9,0.05%
Rockaway Township, Morris ,2020,"18,459",76,0.41%
Rockleigh Borough, Bergen ,2015,164,0,0.12%
Rockleigh Borough, Bergen ,2020,174,2,1.15%
Rocky Hill Borough, Somerset ,2015,440,1,0.23%
Rocky Hill Borough, Somerset ,2020,434,10,2.30%
Roosevelt Borough, Monmouth ,2015,526,0,0.02%
Roosevelt Borough, Monmouth ,2020,589,5,0.85%
Roseland Borough, Essex ,2015,"4,296",4,0.09%
Roseland Borough, Essex ,2020,"4,219",54,1.28%
Roselle Borough, Union ,2015,"10,664",3,0.03%
Roselle Borough, Union ,2020,"11,487",21,0.18%
Roselle Park Borough, Union ,2015,"8,058",6,0.07%
Roselle Park Borough, Union ,2020,"8,612",26,0.30%
Roxbury Township, Morris ,2015,"15,971",9,0.05%
Roxbury Township, Morris ,2020,"17,015",63,0.37%
Rumson Borough, Monmouth ,2015,"4,817",18,0.38%
Rumson Borough, Monmouth ,2020,"4,605",74,1.61%
Runnemede Borough, Camden ,2015,"5,025",2,0.04%
Runnemede Borough, Camden ,2020,"5,272",12,0.23%
Rutherford Borough, Bergen ,2015,"11,083",6,0.06%
Rutherford Borough, Bergen ,2020,"10,961",70,0.64%
Saddle Brook Township, Bergen ,2015,"9,434",1,0.01%
Saddle Brook Township, Bergen ,2020,"8,792",27,0.31%
Saddle River Borough, Bergen ,2015,"2,487",8,0.32%
Saddle River Borough, Bergen ,2020,"2,750",83,3.02%
Salem City, Salem ,2015,"2,046",1,0.05%
Salem City, Salem ,2020,"2,056",9,0.44%
Sandyston Township, Sussex ,2015,"1,519",1,0.09%
Sandyston Township, Sussex ,2020,"1,519",6,0.39%
Sayreville Borough, Middlesex ,2015,"27,715",9,0.03%
Sayreville Borough, Middlesex ,2020,"29,313",143,0.49%
Scotch Plains Township, Union ,2015,"16,037",15,0.09%
Scotch Plains Township, Union ,2020,"16,886",163,0.97%
Sea Bright Borough, Monmouth ,2015,"1,108",8,0.71%
Sea Bright Borough, Monmouth ,2020,"1,040",33,3.17%
Sea Girt Borough, Monmouth ,2015,"1,349",2,0.13%
Sea Girt Borough, Monmouth ,2020,"1,350",26,1.93%
Sea Isle City City, Cape May ,2015,"1,398",0,0.00%
Sea Isle City City, Cape May ,2020,"1,741",39,2.24%
Seaside Heights Borough, Ocean ,2015,"1,428",1,0.04%
Seaside Heights Borough, Ocean ,2020,"1,432",8,0.56%
Seaside Park Borough, Ocean ,2015,"1,357",0,0.00%
Seaside Park Borough, Ocean ,2020,"1,563",11,0.70%
Secaucus town, Hudson ,2015,"10,098",13,0.13%
Secaucus town, Hudson ,2020,"11,820",107,0.91%
Shamong Township, Burlington ,2015,"4,841",4,0.07%
Shamong Township, Burlington ,2020,"4,859",21,0.43%
Shiloh Borough, Cumberland ,2015,388,0,0.00%
Shiloh Borough, Cumberland ,2020,271,1,0.37%
Ship Bottom Borough, Ocean ,2015,766,1,0.10%
Ship Bottom Borough, Ocean ,2020,888,8,0.90%
Shrewsbury Borough, Monmouth ,2015,"2,685",5,0.19%
Shrewsbury Borough, Monmouth ,2020,"2,800",23,0.82%
Shrewsbury Township, Monmouth ,2015,693,1,0.07%
Shrewsbury Township, Monmouth ,2020,942,6,0.64%
Somerdale Borough, Camden ,2015,"3,442",3,0.08%
Somerdale Borough, Camden ,2020,"3,798",13,0.34%
Somers Point City, Atlantic ,2015,"6,577",1,0.02%
Somers Point City, Atlantic ,2020,"6,648",14,0.21%
Somerville Borough, Somerset ,2015,"7,081",8,0.11%
Somerville Borough, Somerset ,2020,"7,267",63,0.87%
South Amboy City, Middlesex ,2015,"6,190",2,0.03%
South Amboy City, Middlesex ,2020,"5,605",23,0.41%
South Bound Brook Borough, Somerset ,2015,"2,634",3,0.11%
South Bound Brook Borough, Somerset ,2020,"2,891",19,0.66%
South Brunswick Township, Middlesex ,2015,"29,344",49,0.17%
South Brunswick Township, Middlesex ,2020,"29,797",512,1.72%
South Hackensack Township, Bergen ,2015,"1,415",0,0.01%
South Hackensack Township, Bergen ,2020,"1,424",6,0.42%
South Harrison Township, Gloucester ,2015,"2,251",2,0.08%
South Harrison Township, Gloucester ,2020,"2,215",17,0.77%
South Orange Village Township, Essex ,2015,"8,398",21,0.25%
South Orange Village Township, Essex ,2020,"7,968",171,2.15%
South Plainfield Borough, Middlesex ,2015,"15,601",8,0.05%
South Plainfield Borough, Middlesex ,2020,"16,529",84,0.51%
South River Borough, Middlesex ,2015,"9,674",7,0.07%
South River Borough, Middlesex ,2020,"9,404",33,0.35%
South Toms River Borough, Ocean ,2015,"2,029",0,0.02%
South Toms River Borough, Ocean ,2020,"2,154",3,0.14%
Southampton Township, Burlington ,2015,"7,735",9,0.11%
Southampton Township, Burlington ,2020,"7,800",50,0.64%
Sparta Township, Sussex ,2015,"13,563",18,0.13%
Sparta Township, Sussex ,2020,"13,629",132,0.97%
Spotswood Borough, Middlesex ,2015,"5,461",2,0.04%
Spotswood Borough, Middlesex ,2020,"5,654",25,0.44%
Spring Lake Borough, Monmouth ,2015,"2,218",3,0.11%
Spring Lake Borough, Monmouth ,2020,"2,412",26,1.08%
Spring Lake Heights Borough, Monmouth ,2015,"3,506",4,0.12%
Spring Lake Heights Borough, Monmouth ,2020,"3,240",42,1.30%
Springfield Township, Burlington ,2015,"2,572",1,0.05%
Springfield Township, Burlington ,2020,"2,677",11,0.41%
Springfield Township, Union ,2015,"11,511",4,0.04%
Springfield Township, Union ,2020,"12,027",70,0.58%
Stafford Township, Ocean ,2015,"18,722",7,0.04%
Stafford Township, Ocean ,2020,"20,829",90,0.43%
Stanhope Borough, Sussex ,2015,"2,584",1,0.04%
Stanhope Borough, Sussex ,2020,"2,409",7,0.29%
Stillwater Township, Sussex ,2015,"3,113",1,0.04%
Stillwater Township, Sussex ,2020,"3,216",10,0.31%
Stockton Borough, Hunterdon ,2015,436,1,0.11%
Stockton Borough, Hunterdon ,2020,474,4,0.84%
Stone Harbor Borough, Cape May ,2015,648,1,0.15%
Stone Harbor Borough, Cape May ,2020,749,24,3.20%
Stow Creek Township, Cumberland ,2015,"1,175",0,0.03%
Stow Creek Township, Cumberland ,2020,815,2,0.25%
Stratford Borough, Camden ,2015,"4,398",2,0.05%
Stratford Borough, Camden ,2020,"4,584",9,0.20%
Summit City, Union ,2015,"13,018",32,0.25%
Summit City, Union ,2020,"13,912",224,1.61%
Surf City Borough, Ocean ,2015,939,1,0.07%
Surf City Borough, Ocean ,2020,"1,094",6,0.55%
Sussex Borough, Sussex ,2015,"1,161",1,0.09%
Sussex Borough, Sussex ,2020,"1,204",6,0.50%
Swedesboro Borough, Gloucester ,2015,"1,510",1,0.08%
Swedesboro Borough, Gloucester ,2020,"1,570",16,1.02%
Tabernacle Township, Burlington ,2015,"5,297",4,0.07%
Tabernacle Township, Burlington ,2020,"6,157",23,0.37%
Tavistock Borough, Camden ,2015,6,0,0.00%
Tavistock Borough, Camden ,2020,6,1,16.67%
Teaneck Township, Bergen ,2015,"21,614",20,0.09%
Teaneck Township, Bergen ,2020,"22,086",173,0.78%
Tenafly Borough, Bergen ,2015,"8,787",17,0.19%
Tenafly Borough, Bergen ,2020,"8,661",241,2.78%
Teterboro Borough, Bergen ,2015,53,0,0.00%
Teterboro Borough, Bergen ,2020,49,1,2.04%
Tewksbury Township, Hunterdon ,2015,"4,920",6,0.12%
Tewksbury Township, Hunterdon ,2020,"4,419",50,1.13%
Tinton Falls Borough, Monmouth ,2015,"11,725",7,0.06%
Tinton Falls Borough, Monmouth ,2020,"12,388",65,0.52%
Toms River Township, Ocean ,2015,"61,597",27,0.04%
Toms River Township, Ocean ,2020,"64,822",291,0.45%
Totowa Borough, Passaic ,2015,"6,392",1,0.02%
Totowa Borough, Passaic ,2020,"7,197",44,0.61%
Trenton City, Mercer ,2015,"29,482",8,0.03%
Trenton City, Mercer ,2020,"31,840",69,0.22%
Tuckerton Borough, Ocean ,2015,"2,256",2,0.07%
Tuckerton Borough, Ocean ,2020,"2,475",9,0.36%
Union Beach Borough, Monmouth ,2015,"3,702",2,0.05%
Union Beach Borough, Monmouth ,2020,"3,875",12,0.31%
Union City City, Hudson ,2015,"17,479",5,0.03%
Union City City, Hudson ,2020,"20,593",54,0.26%
Union Township, Hunterdon ,2015,"3,838",4,0.09%
Union Township, Hunterdon ,2020,"3,365",26,0.77%
Union Township, Union ,2015,"34,244",9,0.03%
Union Township, Union ,2020,"37,148",109,0.29%
Upper Deerfield Township, Cumberland ,2015,"5,580",2,0.03%
Upper Deerfield Township, Cumberland ,2020,"4,844",9,0.19%
Upper Freehold Township, Monmouth ,2015,"5,221",3,0.07%
Upper Freehold Township, Monmouth ,2020,"5,338",42,0.79%
Upper Pittsgrove Township, Salem ,2015,"2,457",2,0.09%
Upper Pittsgrove Township, Salem ,2020,"2,506",11,0.44%
Upper Saddle River Borough, Bergen ,2015,"5,537",12,0.21%
Upper Saddle River Borough, Bergen ,2020,"5,797",123,2.12%
Upper Township, Cape May ,2015,"9,243",9,0.10%
Upper Township, Cape May ,2020,"9,527",39,0.41%
Ventnor City City, Atlantic ,2015,"5,786",5,0.08%
Ventnor City City, Atlantic ,2020,"6,068",31,0.51%
Vernon Township, Sussex ,2015,"16,891",12,0.07%
Vernon Township, Sussex ,2020,"17,451",67,0.38%
Verona Township, Essex ,2015,"8,811",5,0.06%
Verona Township, Essex ,2020,"9,179",81,0.88%
Victory Gardens Borough, Morris ,2015,764,0,0.01%
Victory Gardens Borough, Morris ,2020,867,2,0.23%
Vineland City, Cumberland ,2015,"34,378",14,0.04%
Vineland City, Cumberland ,2020,"37,321",102,0.27%
Voorhees Township, Camden ,2015,"18,068",26,0.14%
Voorhees Township, Camden ,2020,"19,384",241,1.24%
Waldwick Borough, Bergen ,2015,"6,660",4,0.06%
Waldwick Borough, Bergen ,2020,"6,463",28,0.43%
Wall Township, Monmouth ,2015,"18,509",10,0.05%
Wall Township, Monmouth ,2020,"19,821",119,0.60%
Wallington Borough, Bergen ,2015,"7,119",3,0.04%
Wallington Borough, Bergen ,2020,"7,339",27,0.37%
Walpack Township, Sussex ,2015,5,0,0.00%
Walpack Township, Sussex ,2020,8,1,12.50%
Wanaque Borough, Passaic ,2015,"7,375",3,0.04%
Wanaque Borough, Passaic ,2020,"8,215",32,0.39%
Wantage Township, Sussex ,2015,"8,198",5,0.06%
Wantage Township, Sussex ,2020,"8,443",27,0.32%
Warren Township, Somerset ,2015,"10,844",29,0.27%
Warren Township, Somerset ,2020,"11,357",258,2.27%
Washington Borough, Warren ,2015,"4,183",4,0.08%
Washington Borough, Warren ,2020,"4,638",17,0.37%
Washington Township, Bergen ,2015,"6,483",6,0.09%
Washington Township, Bergen ,2020,"6,674",59,0.88%
Washington Township, Burlington ,2015,642,0,0.03%
Washington Township, Burlington ,2020,499,2,0.40%
Washington Township, Gloucester ,2015,"31,718",18,0.06%
Washington Township, Gloucester ,2020,"33,559",142,0.42%
Washington Township, Morris ,2015,"13,313",13,0.10%
Washington Township, Morris ,2020,"13,124",96,0.73%
Washington Township, Warren ,2015,"5,015",3,0.06%
Washington Township, Warren ,2020,"5,262",15,0.29%
Watchung Borough, Somerset ,2015,"4,166",20,0.47%
Watchung Borough, Somerset ,2020,"4,082",105,2.57%
Waterford Township, Camden ,2015,"6,977",5,0.06%
Waterford Township, Camden ,2020,"7,941",17,0.21%
Wayne Township, Passaic ,2015,"34,528",19,0.06%
Wayne Township, Passaic ,2020,"35,517",232,0.65%
Weehawken Township, Hudson ,2015,"5,957",7,0.12%
Weehawken Township, Hudson ,2020,"7,680",84,1.09%
Wenonah Borough, Gloucester ,2015,"1,616",1,0.03%
Wenonah Borough, Gloucester ,2020,"1,593",8,0.50%
West Amwell Township, Hunterdon ,2015,"2,305",3,0.12%
West Amwell Township, Hunterdon ,2020,"2,373",21,0.88%
West Caldwell Township, Essex ,2015,"6,833",5,0.07%
West Caldwell Township, Essex ,2020,"7,859",70,0.89%
West Cape May Borough, Cape May ,2015,652,1,0.08%
West Cape May Borough, Cape May ,2020,789,9,1.14%
West Deptford Township, Gloucester ,2015,"14,963",3,0.02%
West Deptford Township, Gloucester ,2020,"14,484",44,0.30%
West Long Branch Borough, Monmouth ,2015,"4,810",7,0.15%
West Long Branch Borough, Monmouth ,2020,"5,048",54,1.07%
West Milford Township, Passaic ,2015,"18,726",9,0.05%
West Milford Township, Passaic ,2020,"19,828",67,0.34%
West New York town, Hudson ,2015,"15,049",4,0.03%
West New York town, Hudson ,2020,"15,432",94,0.61%
West Orange Township, Essex ,2015,"27,101",21,0.08%
West Orange Township, Essex ,2020,"27,309",254,0.93%
West Wildwood Borough, Cape May ,2015,331,0,0.06%
West Wildwood Borough, Cape May ,2020,313,6,1.92%
West Windsor Township, Mercer ,2015,"17,832",53,0.30%
West Windsor Township, Mercer ,2020,"18,347",508,2.77%
Westampton Township, Burlington ,2015,"6,096",5,0.07%
Westampton Township, Burlington ,2020,"6,395",22,0.34%
Westfield town, Union ,2015,"19,416",23,0.12%
Westfield town, Union ,2020,"19,514",268,1.37%
Westville Borough, Gloucester ,2015,"2,659",1,0.03%
Westville Borough, Gloucester ,2020,"2,545",5,0.20%
Westwood Borough, Bergen ,2015,"6,877",11,0.16%
Westwood Borough, Bergen ,2020,"7,258",105,1.45%
Weymouth Township, Atlantic ,2015,"2,012",1,0.03%
Weymouth Township, Atlantic ,2020,"2,456",5,0.20%
Wharton Borough, Morris ,2015,"3,623",0,0.00%
Wharton Borough, Morris ,2020,"4,081",17,0.42%
White Township, Warren ,2015,"3,516",1,0.02%
White Township, Warren ,2020,"3,418",8,0.23%
Wildwood City, Cape May ,2015,"2,840",2,0.06%
Wildwood City, Cape May ,2020,"2,382",48,2.02%
Wildwood Crest Borough, Cape May ,2015,"2,345",1,0.04%
Wildwood Crest Borough, Cape May ,2020,"2,610",29,1.11%
Willingboro Township, Burlington ,2015,"18,547",10,0.05%
Willingboro Township, Burlington ,2020,"20,513",41,0.20%
Winfield Township, Union ,2015,970,1,0.05%
Winfield Township, Union ,2020,"1,181",4,0.34%
Winslow Township, Camden ,2015,"24,412",17,0.07%
Winslow Township, Camden ,2020,"24,874",105,0.42%
Woodbine Borough, Cape May ,2015,"1,159",1,0.10%
Woodbine Borough, Cape May ,2020,"1,431",5,0.35%
Woodbridge Township, Middlesex ,2015,"57,597",26,0.04%
Woodbridge Township, Middlesex ,2020,"59,139",278,0.47%
Woodbury City, Gloucester ,2015,"5,726",5,0.09%
Woodbury City, Gloucester ,2020,"5,994",24,0.40%
Woodbury Heights Borough, Gloucester ,2015,"2,070",2,0.09%
Woodbury Heights Borough, Gloucester ,2020,"2,285",6,0.26%
Woodcliff Lake Borough, Bergen ,2015,"4,213",6,0.14%
Woodcliff Lake Borough, Bergen ,2020,"4,042",62,1.53%
Woodland Park Borough, Passaic ,2015,"7,417",4,0.06%
Woodland Park Borough, Passaic ,2020,"7,975",42,0.53%
Woodland Township, Burlington ,2015,"1,020",0,0.03%
Woodland Township, Burlington ,2020,"1,295",6,0.46%
Woodlynne Borough, Camden ,2015,"1,086",1,0.10%
Woodlynne Borough, Camden ,2020,"1,093",7,0.64%
Wood-Ridge Borough, Bergen ,2015,"5,230",6,0.11%
Wood-Ridge Borough, Bergen ,2020,"6,009",71,1.18%
Woodstown Borough, Salem ,2015,"2,396",1,0.03%
Woodstown Borough, Salem ,2020,"2,362",15,0.64%
Woolwich Township, Gloucester ,2015,"7,378",4,0.05%
Woolwich Township, Gloucester ,2020,"7,964",51,0.64%
Wrightstown Borough, Burlington ,2015,404,0,0.10%
Wrightstown Borough, Burlington ,2020,384,6,1.56%
Wyckoff Township, Bergen ,2015,"11,639",9,0.08%
Wyckoff Township, Bergen ,2020,"11,582",119,1.03%
